id;record_id;config_id;app_id;app_current_version;app_name;app_description;app_status;free_field_1;free_field_2;free_field_3;free_field_4;free_field_5;free_field_6;free_field_7;free_field_8;free_field_9;free_field_10;free_field_11;free_field_12;free_field_13;delflg;timestamp;created_at;created_by;updated_at;updatedby
1;Function-based bypass Salad;ivory;Rustic Intelligent Soft;Outdoors HDD encoding;Health;Georgia Investment incentivize;Mozambique ROI;../fake-data/blob/hipster.txt;../fake-data/blob/hipster.txt;global 24 Plaza;strategize XSS;Handmade;deposit;Fresh;strategic Music;Reactive Wooden Seamless;auxiliary Wisconsin;Unbranded Berkshire expedite;Toys;Coordinator Multi-layered;true;2023-07-25T05:34:32;2023-07-25T18:21:58;Checking success;2023-07-25T11:54:12;Direct calculating South
2;Ergonomic;Cheese RAM Ergonomic;index Regional Berkshire;synergies;Buckinghamshire Virtual Market;strategy;green intranet pixel;../fake-data/blob/hipster.txt;../fake-data/blob/hipster.txt;compress secondary Games;Account Borders;array Ergonomic Computer;Refined Bacon;models;Senior digital payment;hour multi-tasking;Indonesia;withdrawal;SDD;Towels card;false;2023-07-25T21:35:58;2023-07-24T22:16:12;Car Mill end-to-end;2023-07-25T13:02:16;Tasty
3;Direct Circles payment;Franc;withdrawal;orange;vortals Guadeloupe;connecting Customer lime;system-worthy end-to-end THX;../fake-data/blob/hipster.txt;../fake-data/blob/hipster.txt;Market;Re-contextualized flexibility;Factors;Division Checking;Arizona;Automated application Cheese;Djibouti;Hat workforce;initiative Garden;digital FTP;optimize monitoring Generic;false;2023-07-25T03:12:01;2023-07-25T06:48:05;concept parsing;2023-07-25T11:40:04;payment
4;Programmable Accountability mint;reboot;reboot Movies Helena;Salad Heard adapter;orange;Planner Chicken up;innovate Applications;../fake-data/blob/hipster.txt;../fake-data/blob/hipster.txt;transmit envisioneer;Thailand;Kansas model;Islands;Developer Representative state;Shirt white;Programmable;Associate Factors;Metal Senior Consultant;Home Customer-focused Common;International;false;2023-07-25T08:31:47;2023-07-25T14:26:29;Wooden;2023-07-25T05:30:46;protocol
5;Pants Persevering;Health Bike sky;orange invoice Bacon;Montana orchid;dedicated Washington;East Savings;Metal Kids;../fake-data/blob/hipster.txt;../fake-data/blob/hipster.txt;Tennessee mobile Outdoors;needs-based;Green;Nevada South;Metal Oklahoma;Connecticut Expressway Bedfordshire;Vatu;Buckinghamshire Health navigate;Steel Decentralized driver;Functionality;FTP;false;2023-07-25T21:30:01;2023-07-25T02:20:21;Grocery;2023-07-25T17:07:14;matrix
6;synergies;Supervisor Avon;Industrial grey;ivory;cutting-edge harness;Dakota Object-based;Brooks Leu;../fake-data/blob/hipster.txt;../fake-data/blob/hipster.txt;Keyboard Frozen quantify;B2C Buckinghamshire Factors;Plastic;bandwidth Riel Central;connecting;leverage;Tactics;programming deposit;Tenge connect District;index;Saint port;true;2023-07-25T15:42:42;2023-07-25T03:11:17;Station RAM;2023-07-25T21:00:20;invoice SMS Security
7;payment;Architect;Cameroon;Keyboard Public-key;haptic red Generic;pixel;Ergonomic Soft system;../fake-data/blob/hipster.txt;../fake-data/blob/hipster.txt;yellow redefine parse;ROI Dong Land;SMTP Pants Berkshire;dynamic interface;Bahamas Direct;FTP Administrator Checking;Music Soap;Developer;synthesizing Licensed applications;Ergonomic Buckinghamshire Nicaragua;Tools;true;2023-07-25T10:50:45;2023-07-25T04:48:55;synergistic Fresh;2023-07-25T19:21:13;quantifying Tasty
8;mobile sensor;multi-byte Account;Cotton payment;networks SDD Montserrat;Home needs-based system;Savings ROI;Alaska De-engineered Consultant;../fake-data/blob/hipster.txt;../fake-data/blob/hipster.txt;Loti;generate;overriding leverage calculate;Croatia Unbranded International;AGP content;Sleek;withdrawal Technician Summit;Specialist reboot deposit;Supervisor;Berkshire;Fresh deliverables Wooden;true;2023-07-25T20:29:20;2023-07-25T05:51:59;synthesize lavender Concrete;2023-07-25T16:14:55;Steel Montana
9;Corporate Avon Gorgeous;Granite;olive;Cambridgeshire Producer Compatible;green black copy;Buckinghamshire turquoise Concrete;Account Data;../fake-data/blob/hipster.txt;../fake-data/blob/hipster.txt;Carolina withdrawal Fresh;Team-oriented;transmit;value-added;drive CSS;Key;PCI Home Burkina;Buckinghamshire Metal Accounts;Account International;Islands alarm reinvent;Accounts groupware;true;2023-07-25T20:56:23;2023-07-24T23:13:28;Auto Consultant;2023-07-25T13:46:33;New
10;online Cambridgeshire;Account hack generate;orchid maximize;Handcrafted Colon Distributed;Corporate Manager;Forward Refined Designer;iterate bricks-and-clicks relationships;../fake-data/blob/hipster.txt;../fake-data/blob/hipster.txt;migration teal;Intelligent Incredible synthesizing;Extensions;secured Infrastructure;Lanka navigate Health;microchip;Spurs multi-byte azure;Technician Customer;bypassing Intranet olive;orchid;navigating Franc synthesize;true;2023-07-25T10:08:35;2023-07-25T18:10:05;Wooden;2023-07-25T08:15:02;Plastic Strategist Dynamic
