id;record_id;action_id;timestamp;old_value;new_value;change_reason;description;description_1;description_2;description_3;description_4;description_5;description_6;description_7;description_8;description_9;free_text_1;free_text_2;free_text_3;free_text_4;free_text_5;free_text_6;free_text_7;free_text_8;free_text_9;free_text_10;free_text_11;free_text_12;free_text_13;free_text_14;free_text_15;free_text_16;free_text_17;free_text_18;free_text_19;free_text_20;free_text_21;free_text_22;free_text_23;free_text_24;free_text_25;free_text_26;free_text_27;free_text_28;created_at;created_by;updated_at;updated_by
c92b99d2-4854-4b6b-b200-cce006ea2e99;withdrawal;Y;2023-07-25T21:07:33;Oklahoma;vortals reboot Shirt;Factors;redundant Account envisioneer;invoice;Franc;workforce;Administrator;Salad contingency;Frozen Toys solid;navigating Cheese auxiliary;Place transmitter;olive hack;deposit Nevada index;Grocery;Thailand;disintermediate Regional;synthesize Open-architected;client-driven initiatives Kids;Music azure white;grey;Mongolia;solution-oriented;Expanded;Computer;quantifying;strategize Metrics;Tasty COM Reduced;connect Steel Palladium;Adaptive JBOD;eyeballs Rubber initiatives;Virginia communities RSS;SAS Health PNG;web-enabled Shirt;Garden Rupee Djibouti;Sausages;Industrial Table Pound;Forward payment projection;integrate Buckinghamshire;scalable;calculate lavender Tennessee;2023-07-25T00:00:23;program target communities;2023-07-24T23:47:02;Barbados User-centric
f0ce4cfe-7a0b-4d5a-9147-e0e6c2efa13e;Garden;N;2023-07-25T04:54:02;Games Clothing;Soft;Future Future;Account indigo;SCSI Forward;USB;bandwidth Shilling;Automotive monitoring;Right-sized;Personal;Borders Ball Avon;transmit;Won Carolina maroon;Frozen Checking;program;array Accountability frictionless;up Forward;iterate;Corporate;Rubber Wooden;Springs;Buckinghamshire Granite;Handcrafted;extend Senior auxiliary;Ergonomic SSL;Granite Checking Marketing;Shoes;Salad;Concrete Coordinator;open-source transmit Towels;Investor;Ukraine Barbados technologies;withdrawal project;Berkshire Graphical deposit;Health SCSI;Handcrafted generation Utah;Plastic withdrawal;Fields invoice Platinum;Incredible;North embrace;hacking Monitored Texas;2023-07-25T20:16:55;synthesize;2023-07-24T23:29:12;card Texas Account
d24b13ec-b81d-4caa-b15b-0f11977c0524;Mission azure;N;2023-07-25T15:34:52;Corporate;application transmit Intelligent;Account Pound moratorium;RAM;Interactions;Lira microchip payment;Pants frame;extend;portals Ball system-worthy;Optional Account platforms;Rubber;Music;Missouri Gateway;Georgia;bypassing Group Rupee;Metrics Bedfordshire one-to-one;Managed;Metrics GB;model utilisation whiteboard;non-volatile primary;calculating Brand Web;Managed;invoice;Kids bandwidth;coherent Electronics Awesome;Soap;recontextualize Wooden enhance;Wooden;bandwidth-monitored functionalities e-commerce;monitor payment;Grocery Chair;haptic copy;Direct;Outlying engineer Lead;generate experiences contingency;Account Central;Wooden Granite;and;Shoes Forward;Adaptive Outdoors;PNG Games;2023-07-25T12:05:19;bus fault-tolerant;2023-07-24T23:34:52;Mouse Berkshire AI
dac6bc1a-9ef5-43d4-a6c0-ccefc6f1d4cd;District Computers;P;2023-07-25T18:03:37;Plastic protocol;Agent Lempira;Central;interface;mission-critical productivity;Assurance Saudi;Tools Cotton;systems;backing Investment;backing;Configuration zero;Integration;Steel firewall;Camp Kentucky monitor;withdrawal Shirt Island;Analyst Chief Lanka;Research input Sausages;drive;Rica bricks-and-clicks bandwidth;open;Cheese compress;Borders;connect;Loan;Sweden Optimization Metal;quantify solid;Officer sexy;Cambridgeshire navigate networks;Wisconsin;navigate;redundant Soap revolutionize;Stravenue ADP Avon;COM;Mississippi Account;XML Parkway;Shilling recontextualize input;Springs;complexity gold Central;bricks-and-clicks Unbranded synthesizing;Engineer eyeballs purple;multi-byte PNG;2023-07-25T13:48:07;Legacy redundant mesh;2023-07-25T08:45:29;Consultant Account Shirt
f70083ad-504b-42ed-8782-146a1514aaeb;architectures one-to-one;X;2023-07-25T14:30:46;Senior supply-chains EXE;override driver;array Dinar;Savings driver;Cambridgeshire withdrawal AI;Wooden;Cheese compress;Representative unleash;Plastic state;indexing SMS;generating bypassing;compress;to Cotton;up Applications;back;Dynamic;auxiliary Chief;Verde Electronics Steel;Configuration deposit;Creative Functionality;framework Sierra parse;Dollar virtual matrices;web-enabled Virtual;Islands;navigating;Car Clothing;invoice;cyan Pennsylvania Cotton;deposit;Mountain Expanded Soft;initiatives artificial;channels;Focused;architect zero;bandwidth;B2B;customized;deposit Director Cheese;Human generate;human-resource Generic;Music purple project;2023-07-25T05:19:34;compelling unleash Central;2023-07-25T15:15:35;Avon hack Paradigm
79b1495e-4850-41b0-831a-303fe0a72a4c;ADP integrated;P;2023-07-25T18:02:26;niches mobile;migration Buckinghamshire;Coordinator;synthesize invoice;Specialist synthesizing;Market models Spain;index;Berkshire Mouse Plastic;Wooden Computer;Peru;Account;eco-centric wireless e-business;violet Seychelles flexibility;calculate;Bedfordshire plum Greens;best-of-breed Optimization intranet;Canadian Beauty;Group PNG up;Cotton AGP;matrix exploit;e-business Tasty;drive Solutions Dale;Chair mesh;implement envisioneer azure;Personal Loan;Producer executive;overriding;Marketing communities;Krone JBOD;Dakota monitoring Designer;Cotton Serbia Supervisor;bluetooth;Nevada;Compatible Quality;Burg Delaware hub;card;withdrawal;content-based Port;Soft;District synergies;Tasty hack;2023-07-25T12:57:59;Senior;2023-07-25T18:44:26;distributed Unbranded Intelligent
67985631-afcf-41f7-8261-b9b0aa6b244a;capacitor collaborative;N;2023-07-25T14:20:48;Awesome Legacy;Developer Optimization Salad;Computers;Persistent;Cotton Account;niches;Underpass;Gorgeous Generic;Rapids Streamlined;Paradigm overriding;Designer;mindshare;24/7;Division channels;24/7 wireless Generic;invoice;dynamic Bedfordshire innovate;Fully-configurable;RAM Tasty Mississippi;Pants calculating;concept Specialist Baby;Keyboard Trafficway intermediate;navigating Cotton;grid-enabled Bike Estate;Granite Home;Producer Cotton;Berkshire Accountability;Home;Soft Creative;Incredible 24/365;algorithm Sausages Investor;Intelligent Plastic Awesome;payment magnetic program;Account Technician Beauty;Facilitator Incredible;Ngultrum middleware facilitate;Officer PNG Computers;disintermediate;intangible asymmetric;Iraq parse Steel;Pants encoding USB;2023-07-25T09:22:53;Sports Executive;2023-07-25T20:37:38;Metrics Skyway
007b1c6f-6bdc-4ab5-b561-a2192e2c0c7f;Bedfordshire;P;2023-07-25T01:29:55;generate Turnpike;Villages;Customer Marketing;Tactics;Account navigating migration;Arizona Supervisor Canyon;green Turnpike Auto;brand well-modulated;tan Row;real-time;virtual parse;UIC-Franc;Ergonomic Balboa;Checking digital Parks;synergize;withdrawal;Fish Adaptive salmon;matrices Integration Response;Steel expedite Haiti;Automotive;Liaison primary Licensed;methodologies Applications;program Intelligent;Practical program optical;Montana Swedish;Implemented Integrated Gorgeous;Functionality;experiences Human Mobility;Licensed;white Coordinator;Garden;Tuna Tennessee web-readiness;artificial International;empower Developer microchip;Account specifically Money;interface;networks schemas enterprise;District Books;Executive Lead SMTP;generating Baby;Cameroon;2023-07-25T01:07:57;cross-platform International;2023-07-25T08:27:38;Representative superstructure
b644ff2d-a905-4daf-b530-2b83d04de816;bypassing;X;2023-07-25T05:12:59;Key Intelligent;wireless;Analyst Metal Tuna;empower reboot;Philippines Computers Berkshire;Shilling;Tanzanian Cotton;Refined systemic;Orchestrator Car Marketing;Knolls;Pants Small;cross-platform;Product;program contextually-based Principal;invoice;Avon;driver Officer;XML Buckinghamshire pixel;deposit;Grocery Utah;empowering;Usability;cross-platform Granite bandwidth;Borders Devolved Beauty;Avon;models Agent;compress Unbranded Rustic;hacking emulation;generation support calculating;bottom-line systems;Metal invoice;Optimization bypass;Tajikistan;Borders;Bedfordshire navigating;users Utah infomediaries;navigate;Unbranded;Officer invoice payment;Brand Soft Arizona;haptic Shoes;2023-07-24T23:54:20;Towels Music Industrial;2023-07-25T05:33:58;Berkshire EXE Ameliorated
eb084ce1-c48f-4e7d-86ee-a3e362473b47;circuit;X;2023-07-25T16:11:55;Diverse calculating Berkshire;Chair;Account bandwidth;Bacon value-added Indiana;Tools cross-platform;Georgia;turquoise Legacy Berkshire;JBOD;Bike;transmitter convergence auxiliary;Ergonomic Hat Refined;Future;Customer-focused;invoice Handmade;Tuna Creative;Computer Frozen Chilean;Handcrafted IB;Configuration navigate;Bacon Intelligent Lari;Cheese;Minnesota Right-sized unleash;SAS virtual Florida;generate SAS;scale;digital;Massachusetts Consultant fault-tolerant;Plastic;Borders;Refined Rial mission-critical;fault-tolerant;copying Bike;Wooden Valleys;Peso Hat cross-media;Incredible Iowa framework;Analyst;Product indexing Iceland;Algeria;Strategist;Configurable Market reboot;Ball efficient;S) Gloves;2023-07-25T01:08:39;Officer;2023-07-25T09:03:06;payment Industrial
