id;record_id;service_level;timestamp;partner_code;amount;currency;receiver_bankcode;receiver_account_number;beneficiary_name;instruction_id;sender_to_receiver_info;free_text_1;free_text_2;free_text_3;free_text_4;free_text_5;free_text_6;free_text_7;free_text_8;free_text_9;free_text_10;free_text_11;free_text_12;free_text_13;free_text_14;free_text_15;free_text_16;free_text_17;free_text_18;free_text_19;free_text_20;free_text_21;free_text_22;free_text_23;free_text_24;free_text_25;free_text_26;free_text_27;free_text_28;created_at;created_by;updated_at;updated_by
1;Carolina;N;2023-07-25T13:06:33;Car invoice black;web-enabled Cambridgeshire;Handmade;Port firewall;innovative dynamic;Cuba;Regional Intelligent;calculate Borders programming;state JBOD circuit;Ariary;Assistant Assistant;fuchsia;Product Multi-channelled real-time;Account reboot;online Rubber Sleek;Helena Computers;Towels;Auto;Dynamic Rubber deploy;invoice overriding;Handcrafted Concrete Rue;Turnpike;Vatu;plug-and-play Internal;architect;visionary Representative;azure calculate Outdoors;Tanzania Unbranded wireless;deliverables;District compressing;aggregate Operative THX;interface hacking program;neural Account;Island;Designer;PNG value-added;2023-07-25T13:35:14;website wireless;2023-07-25T02:17:32;interactive digital Persistent
2;circuit indexing;X;2023-07-25T03:41:48;Baby Visionary;Cambridgeshire Granite Mariana;Refined Loan Home;Frozen Senior Accountability;calculate Handmade;hack firewall Directives;RAM Tasty robust;SMTP haptic overriding;Small Fundamental;Gambia online;calculating;Unbranded Rustic;Isle installation Moroccan;Solutions Function-based bandwidth;invoice;discrete Outdoors Health;Mauritius uniform;Outdoors Buckinghamshire;SDR;middleware;withdrawal;Avon Dale;Wyoming Kenyan;Suriname groupware;Tuna compress;Division;Cambridgeshire;Multi-layered;connect turquoise;object-oriented parse;engage users reboot;grey analyzer;productize Electronics;Ball input;24/7;Chicken Crescent;2023-07-25T01:29:53;Montenegro;2023-07-25T01:07:36;Practical feed expedite
3;Credit Ball;N;2023-07-25T10:18:07;program;Re-contextualized Interface compressing;Sports;Analyst Generic;approach Berkshire 1080p;Gorgeous Administrator neural;green;multi-byte Avon Gloves;portals card Moroccan;Intranet Customizable;Ford withdrawal Fish;Automotive;initiatives;Generic Regional Hungary;Account pricing;generate;synthesizing;Planner;Chips;Specialist;azure Timor-Leste Configuration;See Antillian Avon;payment;Peso;Dale Programmable;human-resource;AI Chicken;application leverage approach;sensor;Senior Ergonomic circuit;pixel content generating;Sleek seize;Jamaica invoice Multi-channelled;Dynamic Officer;index;global reintermediate Response;2023-07-25T11:34:58;transition Car salmon;2023-07-25T09:31:59;Refined Facilitator Computer
4;Representative neural Fresh;X;2023-07-25T17:03:27;Metrics;Account;matrix;Djibouti;Steel;challenge;payment supply-chains;port;reboot Account;azure Rustic;Wooden Wooden markets;challenge product Rubber;Tanzanian context-sensitive transmitter;Buckinghamshire Fantastic;Concrete Group Industrial;Avon magenta Supervisor;Account Avon;experiences;matrix District;applications functionalities calculate;transform Principal Practical;Heights Lakes;invoice calculating;index;New parsing;back-end;Towels Developer;blue;payment;deposit Cuban;auxiliary policy sticky;Rustic;Cayman Bedfordshire SAS;plum application Incredible;Pakistan multimedia;generation Tenge;2023-07-25T01:26:10;violet Sleek mobile;2023-07-25T12:08:46;quantify
5;Soft deposit;N;2023-07-25T20:08:28;payment;SDD navigating;sensor;Soft withdrawal overriding;Tasty Automotive;Applications;Avenue mesh web-enabled;Producer Account;productivity back;Handmade;Checking;Nigeria;New;reboot;wireless;Corporate Sausages;rich;reboot yellow Ergonomic;override;Trace;sexy;Global;PCI 24/365;convergence Crescent Industrial;Garden;Borders;generating Dynamic;District;dot-com Riel coherent;maroon multi-byte neural;approach;Keyboard Realigned;Centralized THX National;iterate;payment;demand-driven;2023-07-25T13:27:50;Incredible Terrace Minnesota;2023-07-25T03:36:55;Avon user-centric Loan
6;Avon Loan;Y;2023-07-25T19:15:18;Kids Administrator;Malaysian;withdrawal;Generic Bermuda;Cross-group Regional sky;radical Unbranded blue;Hat Internal Macedonia;contingency;portal HDD Soft;Account Executive Money;Plastic;Roads;Monitored Buckinghamshire Loti;technologies Markets optical;Avon;Portugal compress;e-commerce framework Compatible;Cloned Devolved;Checking cross-platform PNG;pixel Vermont paradigms;Auto;payment copy;implementation bus;and ubiquitous indexing;CSS Keyboard Soft;interface model;whiteboard bi-directional optimize;bandwidth overriding;Cambridgeshire;deposit Coordinator;Wooden;driver;value-added Nebraska user-centric;withdrawal;alarm;Borders;2023-07-25T09:57:13;Dynamic;2023-07-25T20:04:13;Checking
7;Shoes Borders primary;P;2023-07-25T10:39:30;cross-media content;Communications Grocery;navigating Markets hybrid;alarm channels Cambridgeshire;feed markets;Michigan THX Mouse;integrated;Web Wyoming;Agent pixel AGP;input Bolivar;wireless Cotton;Rubber Optional synthesize;Frozen Orchestrator generating;Cotton;Cambridgeshire;turn-key International;alarm;Savings;Mexico;cross-platform;Borders Soft;online revolutionize;grey generate;Fall Object-based;incubate Peso user-centric;Web Strategist content;incremental Barbados;Dynamic value-added;Generic;e-commerce Balanced;Extensions Loop Table;Bike withdrawal;Island;project View ivory;USB;Metrics Streets;2023-07-25T02:54:44;models;2023-07-25T13:55:17;Executive Persistent
8;Operations Brazil XSS;X;2023-07-25T00:45:28;Licensed Colombia action-items;Fresh iterate;Cambridgeshire mobile;partnerships program core;Metal Avon;indigo revolutionize;auxiliary Senior;feed;matrix CSS;array;background Ball Metal;withdrawal Plastic;Global reintermediate Lucia;cross-platform;Steel Fresh;compress Extension;Loan lavender Administrator;invoice;invoice;Tanzania;USB;Georgia client-driven Granite;withdrawal Salad Bacon;wireless;Taiwan Port;International;AI withdrawal;auxiliary Cambridgeshire Account;Regional yellow;payment Savings;Outdoors;sexy bypassing sexy;bottom-line;Home deposit;bypassing;and;2023-07-25T04:18:41;Seychelles frame Bedfordshire;2023-07-25T03:17:24;Handcrafted
9;invoice;P;2023-07-24T23:28:20;Fresh;bandwidth Lebanon infrastructures;transparent array Infrastructure;Gorgeous Savings Communications;Integration global;Account;set needs-based Dynamic;Soft grow programming;capacitor transmitting;Account Malaysian;Norwegian pixel;engage Soft;Unbranded Bedfordshire applications;Dynamic bluetooth;Tuna rich;applications;Money Savings Island;Directives leverage;Strategist;Handcrafted;azure olive Mobility;Berkshire Ergonomic;Pizza alarm fuchsia;Manager;violet olive real-time;Solutions Wooden user;Table;Spurs e-commerce;Indiana Bahamian maximize;GB Mauritius Loan;Vatu generation;Frozen Auto;navigating;whiteboard alliance;Branding synthesizing;Product;2023-07-25T12:44:04;Shoes Rustic;2023-07-25T10:06:59;Metal digital
10;Ergonomic;Y;2023-07-25T15:15:54;violet Enhanced synthesize;protocol;Philippines content Convertible;driver online bypass;Small;Data Borders;process Philippine Swaziland;fault-tolerant Rubber;Cotton Colorado synergies;payment Handmade;Developer Alaska;Colorado user;Buckinghamshire Checking asynchronous;Cambridgeshire Shoes Customizable;methodical Hampshire Account;Table action-items Account;deposit;compelling invoice best-of-breed;Money Brand Ergonomic;Concrete e-tailers Electronics;Chair;migration Parkway;invoice secured;full-range synthesizing;Florida Louisiana experiences;Human value-added;Rustic navigate;Dram Avon brand;maximize Organized Sausages;cross-media Concrete dynamic;Jewelery Sports;Awesome primary;cross-platform Montana;Borders;mesh Steel;yellow Pants Music;2023-07-25T19:46:04;Optimization Cambridgeshire deposit;2023-07-25T00:05:49;evolve Brand
