id;record_id;transaction_id;request_data;param_list;timestamp;request_ref;status;free_field_1;free_field_2;free_field_3;free_field_4;free_field_5;free_field_6;time;error_code;error_message;created_at;created_by;updated_at;updated_by
1;definition Congo Games;capacitor;task-force circuit hack;FTP;2023-07-25T11:04:58;compressing Panama Avon;FAILED;../fake-data/blob/hipster.txt;../fake-data/blob/hipster.txt;Qatar model Licensed;virtual SMTP;optimize quantifying;Dollar Legacy;2023-07-25T14:37:13;UNKNOWN;TRANSACTIONINVALIDACCOUNT;2023-07-25T12:11:14;Incredible Unbranded red;2023-07-24T23:33:24;Bedfordshire
2;Tactics;Mountains;Rue pricing withdrawal;Liechtenstein;2023-07-25T05:29:00;customized Springs;PENDING;../fake-data/blob/hipster.txt;../fake-data/blob/hipster.txt;wireless Union;software;microchip card;Isle algorithm;2023-07-25T09:52:38;SUCCESS;TRANSACTIONINVALIDPAYMENTTYPE;2023-07-25T11:17:41;world-class Handcrafted e-markets;2023-07-25T01:48:10;pixel monitor SMS
3;function bi-directional red;Tennessee;Intelligent Quality Oregon;content Tonga;2023-07-25T14:05:18;content;UNKNOWN;../fake-data/blob/hipster.txt;../fake-data/blob/hipster.txt;maximize payment;Walk;South;e-markets;2023-07-25T10:30:01;UNKNOWN;TRANSACTIONAPPROVED;2023-07-25T05:06:32;Dollar Progressive Home;2023-07-25T03:27:10;Tools Indiana Martinique
4;Plastic;infrastructures;bleeding-edge National;networks;2023-07-25T20:26:12;Wooden payment;SUCCESS;../fake-data/blob/hipster.txt;../fake-data/blob/hipster.txt;deposit Program;Shoes hack Infrastructure;Compatible system;Ville application Beauty;2023-07-24T22:05:32;INVALIDPAYMENTMETHOD;TRANSACTIONUNKNOWN;2023-07-25T02:34:50;bleeding-edge Grass-roots;2023-07-25T14:09:56;Chair parallelism Data
5;Kids moratorium;Producer Port Somoni;Cheese;Fantastic Coordinator Pre-emptive;2023-07-25T12:18:31;Operations synergize;FAILED;../fake-data/blob/hipster.txt;../fake-data/blob/hipster.txt;Games revolutionize leading;Clothing;mission-critical Executive Internal;Shirt Dale actuating;2023-07-25T15:45:57;FAILED;TRANSACTIONINVALIDPAYMENTMETHOD;2023-07-25T17:54:57;Operative;2023-07-25T13:56:50;Functionality niches
6;Ringgit Meadows;Hollow Nauru;bypass Bedfordshire Plastic;harness;2023-07-25T18:47:41;moratorium Money Soft;PENDING;../fake-data/blob/hipster.txt;../fake-data/blob/hipster.txt;incubate quantifying;Planner Beauty;lavender interactive;firewall Towels;2023-07-25T05:26:30;INVALID_DEVICE_ID;TRANSACTIONINVALIDPAYMENTTYPE;2023-07-25T06:11:11;out-of-the-box;2023-07-25T18:29:54;Tasty cyan
7;blockchains;Synergistic application web-readiness;extend Nevada;Summit CSS approach;2023-07-25T02:56:09;visionary;UNKNOWN;../fake-data/blob/hipster.txt;../fake-data/blob/hipster.txt;neural JSON;Specialist wireless;bluetooth Wisconsin Personal;Grenadines Communications;2023-07-25T07:49:13;FAILED;TRANSACTIONAPPROVED;2023-07-24T23:11:13;deploy Web;2023-07-25T02:48:28;input Sausages Assistant
8;world-class payment;Macao Gloves Synchronised;Synergized digital;navigating Vision-oriented Architect;2023-07-25T11:35:51;Account approach lime;FAILED;../fake-data/blob/hipster.txt;../fake-data/blob/hipster.txt;maximize Functionality;maximize Sharable leverage;synthesizing interactive;methodology Innovative;2023-07-25T20:36:18;INVALIDPAYMENTMETHOD;TRANSACTIONUNKNOWNERROR;2023-07-25T06:26:14;Metrics Georgia;2023-07-25T05:59:20;Toys payment Account
9;magenta back motivating;Technician holistic maroon;Planner;out-of-the-box;2023-07-25T21:10:02;Intranet intelligence Tasty;UNKNOWN;../fake-data/blob/hipster.txt;../fake-data/blob/hipster.txt;Carolina global;Function-based Planner Manor;Bacon digital;Intranet synthesize Azerbaijanian;2023-07-25T03:13:01;FAILED;TRANSACTIONUNKNOWNERROR;2023-07-25T21:03:54;Personal copying calculating;2023-07-25T11:17:27;wireless
10;tan Bedfordshire Buckinghamshire;Unbranded;Research;Music;2023-07-25T01:02:37;Practical Car Seamless;UNKNOWN;../fake-data/blob/hipster.txt;../fake-data/blob/hipster.txt;Handcrafted Ball;payment Bedfordshire;interactive lavender;blockchains;2023-07-25T08:01:12;INVALIDINVALIDAMOUNT;TRANSACTIONINVALIDPAYMENTTYPE;2023-07-25T15:18:34;Bike Oregon open-source;2023-07-25T00:34:02;Shirt North
